{"mean": [26.295827796970507, 81.24707680042519, 30.247744485782615, 1.384357560457082, 78.25265745415892, 9.164768801488174, 166.96724687749136], "scale": [2.2863909499427084, 13.472055805561757, 2.4287146582906733, 3.5203376502326598, 29.44686967038075, 5.323982955026233, 78.0553971277794]}